
/* Cidade */
insert into Cidade(nome) values ("Niterói");
insert into Cidade(nome) values ("São Gonçalo");
insert into Cidade(nome) values ("Maricá");

/* Pessoa (120 pessoas)*/
-- Niterói (40 pessoas)
insert into Pessoa(nome, telefone, cidade_id) values ("Jeremy Cochran", "(21)96347-4952", 1);
insert into Pessoa(nome, telefone, cidade_id) values ("Randall Smith", "(21)93100-2851", 1);
insert into Pessoa(nome, telefone, cidade_id) values ("David Singh", "(21)95785-3759", 1);
insert into Pessoa(nome, telefone, cidade_id) values ("Linda Wilson", "(21)94963-2090", 1);
insert into Pessoa(nome, telefone, cidade_id) values ("Bruce Cordova", "(21)97060-6025", 1);
insert into Pessoa(nome, telefone, cidade_id) values ("Kelly Singh", "(21)96839-4463", 1);
insert into Pessoa(nome, telefone, cidade_id) values ("Nicole Powell MD", "(21)98097-3448", 1);
insert into Pessoa(nome, telefone, cidade_id) values ("Aimee Dawson", "(21)92679-6959", 1);
insert into Pessoa(nome, telefone, cidade_id) values ("Melissa Kerr", "(21)98694-3812", 1);
insert into Pessoa(nome, telefone, cidade_id) values ("Robert Gonzalez", "(21)98333-3262", 1);
insert into Pessoa(nome, telefone, cidade_id) values ("Dana Graves", "(21)98566-5588", 1);
insert into Pessoa(nome, telefone, cidade_id) values ("Denise Beck", "(21)92819-7105", 1);
insert into Pessoa(nome, telefone, cidade_id) values ("Daniel Calderon", "(21)93682-4330", 1);
insert into Pessoa(nome, telefone, cidade_id) values ("Christopher Williams", "(21)94356-6398", 1);
insert into Pessoa(nome, telefone, cidade_id) values ("Olivia Evans", "(21)92723-2248", 1);
insert into Pessoa(nome, telefone, cidade_id) values ("Eric Reed", "(21)94255-4548", 1);
insert into Pessoa(nome, telefone, cidade_id) values ("Robin Matthews", "(21)93991-3358", 1);
insert into Pessoa(nome, telefone, cidade_id) values ("George Rodriguez", "(21)91329-2218", 1);
insert into Pessoa(nome, telefone, cidade_id) values ("Edwin Skinner", "(21)97826-1522", 1);
insert into Pessoa(nome, telefone, cidade_id) values ("Russell Newman", "(21)98518-2072", 1);
insert into Pessoa(nome, telefone, cidade_id) values ("Anthony Cox", "(21)97333-7838", 1);
insert into Pessoa(nome, telefone, cidade_id) values ("Molly Taylor", "(21)94044-9078", 1);
insert into Pessoa(nome, telefone, cidade_id) values ("William Chen", "(21)98022-6848", 1);
insert into Pessoa(nome, telefone, cidade_id) values ("Jennifer Griffin", "(21)91621-6023", 1);
insert into Pessoa(nome, telefone, cidade_id) values ("Jesus Smith", "(21)94251-3250", 1);
insert into Pessoa(nome, telefone, cidade_id) values ("Connie Curry", "(21)94624-7232", 1);
insert into Pessoa(nome, telefone, cidade_id) values ("Katherine Ellis", "(21)99288-2760", 1);
insert into Pessoa(nome, telefone, cidade_id) values ("Donna Vazquez", "(21)96456-1093", 1);
insert into Pessoa(nome, telefone, cidade_id) values ("Heidi Bartlett", "(21)99813-6955", 1);
insert into Pessoa(nome, telefone, cidade_id) values ("Tammy Morse", "(21)93071-2025", 1);
insert into Pessoa(nome, telefone, cidade_id) values ("Daniel Fitzgerald", "(21)97066-7758", 1);
insert into Pessoa(nome, telefone, cidade_id) values ("Amanda Fowler", "(21)97629-4094", 1);
insert into Pessoa(nome, telefone, cidade_id) values ("Samuel Anthony", "(21)95922-3176", 1);
insert into Pessoa(nome, telefone, cidade_id) values ("Justin Ortega", "(21)94225-1507", 1);
insert into Pessoa(nome, telefone, cidade_id) values ("Kim Calderon", "(21)92138-2627", 1);
insert into Pessoa(nome, telefone, cidade_id) values ("Michael Lang", "(21)93306-1328", 1);
insert into Pessoa(nome, telefone, cidade_id) values ("Amy Oliver", "(21)91168-4170", 1);
insert into Pessoa(nome, telefone, cidade_id) values ("James Ramirez", "(21)93617-8415", 1);
insert into Pessoa(nome, telefone, cidade_id) values ("Lisa Thomas", "(21)98777-9849", 1);
insert into Pessoa(nome, telefone, cidade_id) values ("Wendy Johnson", "(21)91813-9627", 1);

-- São Gonçalo (40 pessoas)
insert into Pessoa(nome, telefone, cidade_id) values ("David Haney", "(21)92236-4683", 2);
insert into Pessoa(nome, telefone, cidade_id) values ("Vicki Grimes", "(21)97924-5911", 2);
insert into Pessoa(nome, telefone, cidade_id) values ("Rhonda Johnson", "(21)91008-7425", 2);
insert into Pessoa(nome, telefone, cidade_id) values ("Joe Marshall", "(21)91454-4052", 2);
insert into Pessoa(nome, telefone, cidade_id) values ("Charles Reed", "(21)96114-7978", 2);
insert into Pessoa(nome, telefone, cidade_id) values ("Melanie Johnson", "(21)98144-4343", 2);
insert into Pessoa(nome, telefone, cidade_id) values ("Sue Kramer", "(21)95370-6364", 2);
insert into Pessoa(nome, telefone, cidade_id) values ("Robin Shaffer", "(21)95313-5889", 2);
insert into Pessoa(nome, telefone, cidade_id) values ("Bruce Robbins", "(21)91986-7605", 2);
insert into Pessoa(nome, telefone, cidade_id) values ("Christina Garrison", "(21)97208-3865", 2);
insert into Pessoa(nome, telefone, cidade_id) values ("Jessica Rodriguez", "(21)94523-1969", 2);
insert into Pessoa(nome, telefone, cidade_id) values ("Michael Monroe", "(21)98967-6619", 2);
insert into Pessoa(nome, telefone, cidade_id) values ("David Rogers", "(21)91249-9640", 2);
insert into Pessoa(nome, telefone, cidade_id) values ("Adam Benton", "(21)94752-5330", 2);
insert into Pessoa(nome, telefone, cidade_id) values ("Cheryl Rodriguez", "(21)96454-3640", 2);
insert into Pessoa(nome, telefone, cidade_id) values ("Chad Conrad", "(21)96140-7827", 2);
insert into Pessoa(nome, telefone, cidade_id) values ("David Reeves", "(21)99696-4602", 2);
insert into Pessoa(nome, telefone, cidade_id) values ("Kevin Johnson", "(21)93602-2184", 2);
insert into Pessoa(nome, telefone, cidade_id) values ("Timothy Gibson", "(21)98584-3509", 2);
insert into Pessoa(nome, telefone, cidade_id) values ("Elizabeth Valencia", "(21)95200-4212", 2);
insert into Pessoa(nome, telefone, cidade_id) values ("Mark Zavala", "(21)98453-6831", 2);
insert into Pessoa(nome, telefone, cidade_id) values ("Steven Huber", "(21)93759-5613", 2);
insert into Pessoa(nome, telefone, cidade_id) values ("Elizabeth Rush", "(21)92007-2380", 2);
insert into Pessoa(nome, telefone, cidade_id) values ("Robert Cross", "(21)97319-6465", 2);
insert into Pessoa(nome, telefone, cidade_id) values ("Rebecca Lucas", "(21)91262-8844", 2);
insert into Pessoa(nome, telefone, cidade_id) values ("Cory Gutierrez", "(21)93009-7715", 2);
insert into Pessoa(nome, telefone, cidade_id) values ("Mark Lopez", "(21)93818-3291", 2);
insert into Pessoa(nome, telefone, cidade_id) values ("Tiffany Neal", "(21)97870-5615", 2);
insert into Pessoa(nome, telefone, cidade_id) values ("Jason Johnson", "(21)97875-8292", 2);
insert into Pessoa(nome, telefone, cidade_id) values ("Alec Williams", "(21)98181-9429", 2);
insert into Pessoa(nome, telefone, cidade_id) values ("Tina Walker", "(21)95311-6551", 2);
insert into Pessoa(nome, telefone, cidade_id) values ("Dawn Walker", "(21)98626-5913", 2);
insert into Pessoa(nome, telefone, cidade_id) values ("Donna Daniel", "(21)93649-1263", 2);
insert into Pessoa(nome, telefone, cidade_id) values ("Lance Martinez", "(21)95422-7832", 2);
insert into Pessoa(nome, telefone, cidade_id) values ("Damon Robinson", "(21)91254-3978", 2);
insert into Pessoa(nome, telefone, cidade_id) values ("Kimberly Castillo", "(21)93174-5046", 2);
insert into Pessoa(nome, telefone, cidade_id) values ("Maria Fischer MD", "(21)91700-2846", 2);
insert into Pessoa(nome, telefone, cidade_id) values ("Jessica Roach", "(21)96534-2509", 2);
insert into Pessoa(nome, telefone, cidade_id) values ("Donna Wells", "(21)97590-9117", 2);
insert into Pessoa(nome, telefone, cidade_id) values ("Kristina Chan", "(21)95725-2265", 2);

-- Maricá (40 pessoas)
insert into Pessoa(nome, telefone, cidade_id) values ("Lisa Martin", "(21)99474-6200", 3);
insert into Pessoa(nome, telefone, cidade_id) values ("Joshua Haynes", "(21)94288-5606", 3);
insert into Pessoa(nome, telefone, cidade_id) values ("Nicholas Gibson", "(21)97008-8315", 3);
insert into Pessoa(nome, telefone, cidade_id) values ("Robert Mills", "(21)99106-7351", 3);
insert into Pessoa(nome, telefone, cidade_id) values ("Brittany Bruce", "(21)95547-4382", 3);
insert into Pessoa(nome, telefone, cidade_id) values ("Donald Reyes", "(21)99477-3425", 3);
insert into Pessoa(nome, telefone, cidade_id) values ("Beth Hamilton", "(21)93815-3176", 3);
insert into Pessoa(nome, telefone, cidade_id) values ("Daniel Young", "(21)91983-7857", 3);
insert into Pessoa(nome, telefone, cidade_id) values ("Jeremy Wilson", "(21)98025-1366", 3);
insert into Pessoa(nome, telefone, cidade_id) values ("Patrick Snow", "(21)95859-3356", 3);
insert into Pessoa(nome, telefone, cidade_id) values ("Donna Gardner", "(21)93609-3712", 3);
insert into Pessoa(nome, telefone, cidade_id) values ("Dennis Mcdaniel Jr.", "(21)97853-2656", 3);
insert into Pessoa(nome, telefone, cidade_id) values ("Samantha Stephens", "(21)98447-9937", 3);
insert into Pessoa(nome, telefone, cidade_id) values ("Sheila Black", "(21)94966-6699", 3);
insert into Pessoa(nome, telefone, cidade_id) values ("Christopher Sanchez", "(21)99209-1484", 3);
insert into Pessoa(nome, telefone, cidade_id) values ("Frank Brown", "(21)96613-4363", 3);
insert into Pessoa(nome, telefone, cidade_id) values ("Walter Alvarez", "(21)96833-5000", 3);
insert into Pessoa(nome, telefone, cidade_id) values ("Vanessa Newton", "(21)95340-2022", 3);
insert into Pessoa(nome, telefone, cidade_id) values ("Joel Hoffman", "(21)98564-4244", 3);
insert into Pessoa(nome, telefone, cidade_id) values ("Scott Pratt", "(21)92440-2874", 3);
insert into Pessoa(nome, telefone, cidade_id) values ("Amanda Wilson", "(21)93110-9819", 3);
insert into Pessoa(nome, telefone, cidade_id) values ("Cameron Miller", "(21)91033-3357", 3);
insert into Pessoa(nome, telefone, cidade_id) values ("Mary Brown", "(21)91608-7782", 3);
insert into Pessoa(nome, telefone, cidade_id) values ("Christine Miller", "(21)96618-4423", 3);
insert into Pessoa(nome, telefone, cidade_id) values ("Kimberly Sparks", "(21)96463-4359", 3);
insert into Pessoa(nome, telefone, cidade_id) values ("Heather Arias", "(21)91248-9467", 3);
insert into Pessoa(nome, telefone, cidade_id) values ("Raymond Brown", "(21)99170-4433", 3);
insert into Pessoa(nome, telefone, cidade_id) values ("Julie Lane", "(21)99512-5494", 3);
insert into Pessoa(nome, telefone, cidade_id) values ("Ralph Williams", "(21)96335-7554", 3);
insert into Pessoa(nome, telefone, cidade_id) values ("Kyle Jones", "(21)97592-9196", 3);
insert into Pessoa(nome, telefone, cidade_id) values ("Brandon Gomez", "(21)93225-3479", 3);
insert into Pessoa(nome, telefone, cidade_id) values ("Joseph Carr DDS", "(21)93392-1545", 3);
insert into Pessoa(nome, telefone, cidade_id) values ("Stephanie Silva", "(21)97292-6276", 3);
insert into Pessoa(nome, telefone, cidade_id) values ("Caitlin Clay", "(21)95234-6299", 3);
insert into Pessoa(nome, telefone, cidade_id) values ("Jill Webb", "(21)91986-9395", 3);
insert into Pessoa(nome, telefone, cidade_id) values ("James Reyes", "(21)98799-2160", 3);
insert into Pessoa(nome, telefone, cidade_id) values ("Chad Miller", "(21)92394-3674", 3);
insert into Pessoa(nome, telefone, cidade_id) values ("Megan Lyons", "(21)91074-8194", 3);
insert into Pessoa(nome, telefone, cidade_id) values ("Cynthia Miller", "(21)94426-1642", 3);
insert into Pessoa(nome, telefone, cidade_id) values ("Brittany Hernandez", "(21)93830-1743", 3);


/* Professor (20 professores) */
-- Niterói
insert into Professor(id, RG, CPF, titulacao) values (31, "66.158.586-97", "328.883.629-59", "doutor");
insert into Professor(id, RG, CPF, titulacao) values (32, "89.169.173-35", "175.869.299-91", "PhD");
insert into Professor(id, RG, CPF, titulacao) values (33, "40.816.272-16", "863.388.875-87", "PhD");
insert into Professor(id, RG, CPF, titulacao) values (34, "90.799.161-28", "120.847.105-91", "doutor");
insert into Professor(id, RG, CPF, titulacao) values (35, "89.222.505-33", "322.936.505-82", "mestre");
insert into Professor(id, RG, CPF, titulacao) values (36, "27.653.284-96", "515.124.699-82", "PhD");
insert into Professor(id, RG, CPF, titulacao) values (37, "19.420.972-79", "720.467.185-40", "mestre");
insert into Professor(id, RG, CPF, titulacao) values (38, "82.163.417-65", "760.782.586-81", "PhD");
insert into Professor(id, RG, CPF, titulacao) values (39, "94.383.983-94", "852.911.353-49", "PhD");
insert into Professor(id, RG, CPF, titulacao) values (40, "49.675.966-20", "988.619.902-86", "PhD");

-- São Gonçalo
insert into Professor(id, RG, CPF, titulacao) values (76, "66.819.159-72", "251.749.260-41", "mestre");
insert into Professor(id, RG, CPF, titulacao) values (77, "92.333.694-42", "910.108.273-62", "mestre");
insert into Professor(id, RG, CPF, titulacao) values (78, "34.192.743-35", "503.837.199-66", "mestre");
insert into Professor(id, RG, CPF, titulacao) values (79, "66.496.624-44", "497.725.167-43", "PhD");
insert into Professor(id, RG, CPF, titulacao) values (80, "20.784.181-51", "152.698.735-41", "mestre");

-- Maricá
insert into Professor(id, RG, CPF, titulacao) values (116, "65.487.438-34", "301.958.411-27", "mestre");
insert into Professor(id, RG, CPF, titulacao) values (117, "70.379.323-38", "625.851.579-83", "mestre");
insert into Professor(id, RG, CPF, titulacao) values (118, "95.940.632-58", "929.144.932-69", "mestre");
insert into Professor(id, RG, CPF, titulacao) values (119, "62.808.144-68", "188.198.698-50", "doutor");
insert into Professor(id, RG, CPF, titulacao) values (120, "34.863.952-99", "678.931.337-13", "PhD");

/* Escola (6 escolas)*/
insert into Escola(nome, cidade_id, diretor_id) values ("Colégio Pedro II", 1, 40);
insert into Escola(nome, cidade_id, diretor_id) values ("Colégio MV1", 2, 39);
insert into Escola(nome, cidade_id, diretor_id) values ("Colégio Evolução", 3, 38);

/* Turma (9 turmas)*/
insert into Turma(nome, escola_id) values ("1º ano - EM", 1);
insert into Turma(nome, escola_id) values ("2º ano - EM", 1);
insert into Turma(nome, escola_id) values ("3º ano - EM", 1);
insert into Turma(nome, escola_id) values ("1º ano - EM", 2);
insert into Turma(nome, escola_id) values ("2º ano - EM", 2);
insert into Turma(nome, escola_id) values ("3º ano - EM", 2);
insert into Turma(nome, escola_id) values ("1º ano - EM", 3);
insert into Turma(nome, escola_id) values ("2º ano - EM", 3);
insert into Turma(nome, escola_id) values ("3º ano - EM", 3);


/* Discipĺina (5 disciplinas) */
insert into Disciplina(nome) values ("Sociologia");
insert into Disciplina(nome) values ("Português");
insert into Disciplina(nome) values ("Matemática");
insert into Disciplina(nome) values ("Geografia");
insert into Disciplina(nome) values ("Química");

/* Aluno (105 alunos) */
/* 1º ano - CPII (pessoas de niteró e são gonçalo)*/
insert into Aluno(id, matricula, data_nasc, turma_id) values (1, "020.158.982","2007-12-24", 1);
insert into Aluno(id, matricula, data_nasc, turma_id) values (2, "015.194.363","2007-09-03", 1);
insert into Aluno(id, matricula, data_nasc, turma_id) values (3, "017.167.859","2007-06-23", 1);
insert into Aluno(id, matricula, data_nasc, turma_id) values (4, "017.104.895","2007-05-22", 1);
insert into Aluno(id, matricula, data_nasc, turma_id) values (5, "016.100.827","2007-05-26", 1);
insert into Aluno(id, matricula, data_nasc, turma_id) values (6, "021.143.178","2007-11-21", 1);
insert into Aluno(id, matricula, data_nasc, turma_id) values (7, "018.161.270","2007-08-26", 1);
insert into Aluno(id, matricula, data_nasc, turma_id) values (8, "019.135.297","2007-02-02", 1);
insert into Aluno(id, matricula, data_nasc, turma_id) values (9, "015.115.447","2007-05-25", 1);
insert into Aluno(id, matricula, data_nasc, turma_id) values (10, "020.112.283","2007-05-29", 1);
insert into Aluno(id, matricula, data_nasc, turma_id) values (41, "015.151.285","2007-05-10", 1);
insert into Aluno(id, matricula, data_nasc, turma_id) values (42, "020.108.924","2007-10-13", 1);
insert into Aluno(id, matricula, data_nasc, turma_id) values (43, "017.143.100","2007-10-11", 1);
insert into Aluno(id, matricula, data_nasc, turma_id) values (44, "020.174.606","2007-01-05", 1);
insert into Aluno(id, matricula, data_nasc, turma_id) values (45, "017.159.639","2007-08-19", 1);

/* 2º ano - CPII, (pessoas de niterói e maricá)*/
insert into Aluno(id, matricula, data_nasc, turma_id) values (11, "016.120.305","2006-10-05", 2);
insert into Aluno(id, matricula, data_nasc, turma_id) values (12, "018.184.800","2006-02-10", 2);
insert into Aluno(id, matricula, data_nasc, turma_id) values (13, "019.136.521","2006-07-09", 2);
insert into Aluno(id, matricula, data_nasc, turma_id) values (14, "018.134.673","2006-04-25", 2);
insert into Aluno(id, matricula, data_nasc, turma_id) values (15, "020.194.286","2006-05-06", 2);
insert into Aluno(id, matricula, data_nasc, turma_id) values (16, "016.134.185","2006-12-23", 2);
insert into Aluno(id, matricula, data_nasc, turma_id) values (17, "019.175.680","2006-03-03", 2);
insert into Aluno(id, matricula, data_nasc, turma_id) values (18, "018.181.661","2006-05-20", 2);
insert into Aluno(id, matricula, data_nasc, turma_id) values (19, "015.146.246","2006-09-26", 2);
insert into Aluno(id, matricula, data_nasc, turma_id) values (20, "018.111.112","2006-09-04", 2);
insert into Aluno(id, matricula, data_nasc, turma_id) values (81, "021.175.978","2006-10-22", 2);
insert into Aluno(id, matricula, data_nasc, turma_id) values (82, "021.187.277","2006-09-01", 2);
insert into Aluno(id, matricula, data_nasc, turma_id) values (83, "017.123.671","2006-03-06", 2);
insert into Aluno(id, matricula, data_nasc, turma_id) values (84, "019.152.942","2006-10-20", 2);
insert into Aluno(id, matricula, data_nasc, turma_id) values (85, "017.189.545","2006-07-29", 2);

/* 3º ano - CPII (pessoas de niterói)*/
insert into Aluno(id, matricula, data_nasc, turma_id) values (21, "018.164.902","2005-01-28", 3);
insert into Aluno(id, matricula, data_nasc, turma_id) values (22, "018.145.493","2005-04-11", 3);
insert into Aluno(id, matricula, data_nasc, turma_id) values (23, "017.130.858","2005-02-17", 3);
insert into Aluno(id, matricula, data_nasc, turma_id) values (24, "016.117.571","2005-03-18", 3);
insert into Aluno(id, matricula, data_nasc, turma_id) values (25, "018.181.359","2005-02-03", 3);
insert into Aluno(id, matricula, data_nasc, turma_id) values (26, "019.153.308","2005-08-05", 3);
insert into Aluno(id, matricula, data_nasc, turma_id) values (27, "020.115.352","2005-06-03", 3);
insert into Aluno(id, matricula, data_nasc, turma_id) values (28, "018.133.244","2005-03-30", 3);
insert into Aluno(id, matricula, data_nasc, turma_id) values (29, "015.123.141","2005-05-04", 3);
insert into Aluno(id, matricula, data_nasc, turma_id) values (30, "019.112.632","2005-07-13", 3);

/* 1º ano - MV1 (não contém alunos de outras cidades)*/
insert into Aluno(id, matricula, data_nasc, turma_id) values (66, "015.132.584","2007-12-17", 4);
insert into Aluno(id, matricula, data_nasc, turma_id) values (67, "016.194.435","2007-12-21", 4);
insert into Aluno(id, matricula, data_nasc, turma_id) values (68, "019.177.994","2007-05-29", 4);
insert into Aluno(id, matricula, data_nasc, turma_id) values (69, "015.171.728","2007-03-07", 4);
insert into Aluno(id, matricula, data_nasc, turma_id) values (70, "018.187.685","2007-07-06", 4);
insert into Aluno(id, matricula, data_nasc, turma_id) values (71, "018.128.178","2007-08-13", 4);
insert into Aluno(id, matricula, data_nasc, turma_id) values (72, "021.120.577","2007-01-01", 4);
insert into Aluno(id, matricula, data_nasc, turma_id) values (73, "016.150.868","2007-11-16", 4);
insert into Aluno(id, matricula, data_nasc, turma_id) values (74, "021.178.228","2007-12-19", 4);
insert into Aluno(id, matricula, data_nasc, turma_id) values (75, "021.142.130","2007-07-23", 4);

/* 2º ano - MV1*/
insert into Aluno(id, matricula, data_nasc, turma_id) values (56, "016.143.311","2006-02-13", 5);
insert into Aluno(id, matricula, data_nasc, turma_id) values (57, "015.109.776","2006-04-24", 5);
insert into Aluno(id, matricula, data_nasc, turma_id) values (58, "021.152.302","2006-01-08", 5);
insert into Aluno(id, matricula, data_nasc, turma_id) values (59, "019.197.178","2006-01-17", 5);
insert into Aluno(id, matricula, data_nasc, turma_id) values (60, "017.152.554","2006-03-27", 5);
insert into Aluno(id, matricula, data_nasc, turma_id) values (61, "015.141.274","2006-11-06", 5);
insert into Aluno(id, matricula, data_nasc, turma_id) values (62, "019.191.574","2006-03-14", 5);
insert into Aluno(id, matricula, data_nasc, turma_id) values (63, "015.140.612","2006-04-02", 5);
insert into Aluno(id, matricula, data_nasc, turma_id) values (64, "021.105.401","2006-10-28", 5);
insert into Aluno(id, matricula, data_nasc, turma_id) values (65, "021.110.290","2006-11-22", 5);

/* 3º ano - MV1*/
insert into Aluno(id, matricula, data_nasc, turma_id) values (46, "017.149.852","2005-08-05", 6);
insert into Aluno(id, matricula, data_nasc, turma_id) values (47, "020.183.722","2005-09-15", 6);
insert into Aluno(id, matricula, data_nasc, turma_id) values (48, "019.171.996","2005-03-12", 6);
insert into Aluno(id, matricula, data_nasc, turma_id) values (49, "020.140.206","2005-10-26", 6);
insert into Aluno(id, matricula, data_nasc, turma_id) values (50, "018.167.256","2005-01-13", 6);
insert into Aluno(id, matricula, data_nasc, turma_id) values (51, "018.186.750","2005-10-14", 6);
insert into Aluno(id, matricula, data_nasc, turma_id) values (52, "016.199.391","2005-04-30", 6);
insert into Aluno(id, matricula, data_nasc, turma_id) values (53, "017.172.574","2005-06-12", 6);
insert into Aluno(id, matricula, data_nasc, turma_id) values (54, "018.141.635","2005-11-16", 6);
insert into Aluno(id, matricula, data_nasc, turma_id) values (55, "020.190.293","2005-05-08", 6);

/* 1º ano - Colégio Evolução (não contém alunos de outras cidades)*/
insert into Aluno(id, matricula, data_nasc, turma_id) values (86, "019.133.292","2007-05-22", 7);
insert into Aluno(id, matricula, data_nasc, turma_id) values (87, "017.192.412","2007-07-12", 7);
insert into Aluno(id, matricula, data_nasc, turma_id) values (88, "021.147.664","2007-01-10", 7);
insert into Aluno(id, matricula, data_nasc, turma_id) values (89, "016.118.475","2007-12-09", 7);
insert into Aluno(id, matricula, data_nasc, turma_id) values (90, "015.173.351","2007-11-28", 7);
insert into Aluno(id, matricula, data_nasc, turma_id) values (91, "015.124.207","2007-11-16", 7);
insert into Aluno(id, matricula, data_nasc, turma_id) values (92, "019.167.178","2007-01-15", 7);
insert into Aluno(id, matricula, data_nasc, turma_id) values (93, "015.131.104","2007-09-12", 7);
insert into Aluno(id, matricula, data_nasc, turma_id) values (94, "021.126.871","2007-02-25", 7);
insert into Aluno(id, matricula, data_nasc, turma_id) values (95, "017.161.130","2007-11-16", 7);

/* 2º ano - Colégio Evolução*/
insert into Aluno(id, matricula, data_nasc, turma_id) values (96, "020.168.359","2006-01-03", 8);
insert into Aluno(id, matricula, data_nasc, turma_id) values (97, "021.176.280","2006-07-01", 8);
insert into Aluno(id, matricula, data_nasc, turma_id) values (98, "015.189.617","2006-04-06", 8);
insert into Aluno(id, matricula, data_nasc, turma_id) values (99, "016.195.382","2006-10-08", 8);
insert into Aluno(id, matricula, data_nasc, turma_id) values (100, "016.190.566","2006-08-07", 8);
insert into Aluno(id, matricula, data_nasc, turma_id) values (101, "017.117.498","2006-04-16", 8);
insert into Aluno(id, matricula, data_nasc, turma_id) values (102, "015.160.800","2006-03-01", 8);
insert into Aluno(id, matricula, data_nasc, turma_id) values (103, "015.192.483","2006-03-27", 8);
insert into Aluno(id, matricula, data_nasc, turma_id) values (104, "018.173.380","2006-12-04", 8);
insert into Aluno(id, matricula, data_nasc, turma_id) values (105, "015.144.468","2006-10-11", 8);

/* 3º ano - Colégio Evolução*/
insert into Aluno(id, matricula, data_nasc, turma_id) values (106, "019.190.497","2005-04-17", 9);
insert into Aluno(id, matricula, data_nasc, turma_id) values (107, "016.120.824","2005-11-24", 9);
insert into Aluno(id, matricula, data_nasc, turma_id) values (108, "019.113.546","2005-07-03", 9);
insert into Aluno(id, matricula, data_nasc, turma_id) values (109, "018.196.351","2005-01-21", 9);
insert into Aluno(id, matricula, data_nasc, turma_id) values (110, "019.113.202","2005-01-17", 9);
insert into Aluno(id, matricula, data_nasc, turma_id) values (111, "015.126.811","2005-06-02", 9);
insert into Aluno(id, matricula, data_nasc, turma_id) values (112, "015.113.662","2005-10-23", 9);
insert into Aluno(id, matricula, data_nasc, turma_id) values (113, "021.168.897","2005-10-18", 9);
insert into Aluno(id, matricula, data_nasc, turma_id) values (114, "015.115.296","2005-08-20", 9);
insert into Aluno(id, matricula, data_nasc, turma_id) values (115, "020.180.558","2005-04-25", 9);

/* Contato (85 alunos) */
-- Niterói
insert into Contato(aluno_id, nome, telefone) values (1, "Amanda Gibbs","(21)96150-1527");
insert into Contato(aluno_id, nome, telefone) values (1, "João Guilherme Costa","(21)97412-2598");
insert into Contato(aluno_id, nome, telefone) values (2, "David Scott","(21)95181-5019");
insert into Contato(aluno_id, nome, telefone) values (3, "Angela Bell","(21)98151-3194");
insert into Contato(aluno_id, nome, telefone) values (4, "Cassandra Davis","(21)91759-9324");
insert into Contato(aluno_id, nome, telefone) values (5, "Cory Hansen","(21)92010-8917");
insert into Contato(aluno_id, nome, telefone) values (6, "Dean Smith","(21)95937-3582");
insert into Contato(aluno_id, nome, telefone) values (7, "Ashley Barnes","(21)98950-5955");
insert into Contato(aluno_id, nome, telefone) values (8, "Joseph Flores","(21)91298-7418");
insert into Contato(aluno_id, nome, telefone) values (9, "Alexander Gonzalez","(21)99138-2116");
insert into Contato(aluno_id, nome, telefone) values (10, "Brandon Brown","(21)91272-7917");
insert into Contato(aluno_id, nome, telefone) values (11, "Justin Weeks","(21)95175-5949");
insert into Contato(aluno_id, nome, telefone) values (12, "Adriana Hernandez","(21)97720-6892");
insert into Contato(aluno_id, nome, telefone) values (13, "Lindsey Williams","(21)92390-9803");
insert into Contato(aluno_id, nome, telefone) values (14, "Valerie Shepherd","(21)97729-9422");
insert into Contato(aluno_id, nome, telefone) values (15, "Dawn Williams","(21)92726-6144");
insert into Contato(aluno_id, nome, telefone) values (16, "Kathleen Drake","(21)94844-1424");
insert into Contato(aluno_id, nome, telefone) values (17, "Raymond Townsend","(21)99450-9564");
insert into Contato(aluno_id, nome, telefone) values (18, "Jeffrey Rojas","(21)99251-9332");
insert into Contato(aluno_id, nome, telefone) values (19, "James Austin","(21)93215-3660");
insert into Contato(aluno_id, nome, telefone) values (20, "Shane Martin","(21)98689-3098");
insert into Contato(aluno_id, nome, telefone) values (21, "Ashley Carrillo","(21)96129-9449");
insert into Contato(aluno_id, nome, telefone) values (22, "Elizabeth Horne","(21)96451-4813");
insert into Contato(aluno_id, nome, telefone) values (23, "Cody Owens","(21)92207-4734");
insert into Contato(aluno_id, nome, telefone) values (24, "Theresa Snyder","(21)99366-1074");
insert into Contato(aluno_id, nome, telefone) values (25, "Tamara Schmitt","(21)94436-8229");
insert into Contato(aluno_id, nome, telefone) values (26, "Lauren Mcdonald","(21)94970-7327");
insert into Contato(aluno_id, nome, telefone) values (27, "Tyler Farrell","(21)93465-7920");
insert into Contato(aluno_id, nome, telefone) values (28, "Michael Hernandez","(21)93807-8029");
insert into Contato(aluno_id, nome, telefone) values (29, "Joseph Bautista","(21)99154-2415");
insert into Contato(aluno_id, nome, telefone) values (30, "Steve Hammond","(21)98642-7742");

-- São Gonçalo
insert into Contato(aluno_id, nome, telefone) values (41, "James Jackson","(21)98792-7765");
insert into Contato(aluno_id, nome, telefone) values (42, "Stephanie Dunn","(21)92585-2094");
insert into Contato(aluno_id, nome, telefone) values (43, "Bobby Smith","(21)92401-7550");
insert into Contato(aluno_id, nome, telefone) values (44, "David Ayala","(21)96714-7243");
insert into Contato(aluno_id, nome, telefone) values (45, "Amanda Henry","(21)92447-3994");
insert into Contato(aluno_id, nome, telefone) values (46, "Sandra Lee","(21)95915-8709");
insert into Contato(aluno_id, nome, telefone) values (47, "Juan Richardson","(21)91339-1548");
insert into Contato(aluno_id, nome, telefone) values (48, "Christina Reed","(21)96055-7011");
insert into Contato(aluno_id, nome, telefone) values (49, "Nancy Shelton","(21)93877-9618");
insert into Contato(aluno_id, nome, telefone) values (50, "Mariah Obrien","(21)98049-5518");
insert into Contato(aluno_id, nome, telefone) values (51, "Rhonda Thomas","(21)92909-4916");
insert into Contato(aluno_id, nome, telefone) values (52, "Gary Novak","(21)95060-7871");
insert into Contato(aluno_id, nome, telefone) values (53, "Charles Ortega","(21)96829-6240");
insert into Contato(aluno_id, nome, telefone) values (54, "Erica Sullivan","(21)93900-6895");
insert into Contato(aluno_id, nome, telefone) values (55, "Christina Nelson","(21)92802-1086");
insert into Contato(aluno_id, nome, telefone) values (56, "Tammy Anderson","(21)91224-9799");
insert into Contato(aluno_id, nome, telefone) values (57, "Gregory Armstrong","(21)98092-6822");
insert into Contato(aluno_id, nome, telefone) values (58, "Matthew Jordan","(21)98281-3659");
insert into Contato(aluno_id, nome, telefone) values (59, "Jennifer Grimes","(21)99116-6556");
insert into Contato(aluno_id, nome, telefone) values (60, "Shelley Moore","(21)94726-4072");
insert into Contato(aluno_id, nome, telefone) values (61, "Tammy Tanner","(21)98289-2410");
insert into Contato(aluno_id, nome, telefone) values (62, "Daniel Jones","(21)96729-6371");
insert into Contato(aluno_id, nome, telefone) values (63, "Paul Schneider","(21)91361-6700");
insert into Contato(aluno_id, nome, telefone) values (64, "Jessica May","(21)91401-8830");
insert into Contato(aluno_id, nome, telefone) values (65, "Chad Burns","(21)92197-2778");

-- Maricá
insert into Contato(aluno_id, nome, telefone) values (81, "David Brown","(21)94509-7702");
insert into Contato(aluno_id, nome, telefone) values (82, "Jeffrey Williams","(21)99015-7032");
insert into Contato(aluno_id, nome, telefone) values (83, "Shelia Williams","(21)91682-3932");
insert into Contato(aluno_id, nome, telefone) values (84, "Sarah Flowers","(21)96851-6130");
insert into Contato(aluno_id, nome, telefone) values (85, "Shelly Knox","(21)96528-7978");
insert into Contato(aluno_id, nome, telefone) values (86, "Lynn Moody","(21)92107-7099");
insert into Contato(aluno_id, nome, telefone) values (87, "Nicholas Jones","(21)91182-6128");
insert into Contato(aluno_id, nome, telefone) values (88, "Travis Carlson","(21)98249-9692");
insert into Contato(aluno_id, nome, telefone) values (89, "Ryan Gonzalez","(21)97497-7813");
insert into Contato(aluno_id, nome, telefone) values (90, "Ruben Best","(21)93802-7520");
insert into Contato(aluno_id, nome, telefone) values (91, "Sara Johnson","(21)99711-4464");
insert into Contato(aluno_id, nome, telefone) values (92, "Dakota Edwards","(21)91653-9353");
insert into Contato(aluno_id, nome, telefone) values (93, "Colton Wilkinson","(21)94589-5317");
insert into Contato(aluno_id, nome, telefone) values (94, "Jonathan Cook","(21)97311-6938");
insert into Contato(aluno_id, nome, telefone) values (95, "Belinda Walsh","(21)94452-9792");
insert into Contato(aluno_id, nome, telefone) values (96, "Lisa Smith","(21)96659-5503");
insert into Contato(aluno_id, nome, telefone) values (97, "Phillip Henderson","(21)96261-6798");
insert into Contato(aluno_id, nome, telefone) values (98, "Anthony Cruz","(21)91285-4930");
insert into Contato(aluno_id, nome, telefone) values (99, "Shannon Ford","(21)93165-3340");
insert into Contato(aluno_id, nome, telefone) values (100, "Amanda Young","(21)91876-5607");
insert into Contato(aluno_id, nome, telefone) values (101, "Glenn Hoffman","(21)94943-1932");
insert into Contato(aluno_id, nome, telefone) values (102, "Jonathan Ford","(21)91840-2978");
insert into Contato(aluno_id, nome, telefone) values (103, "Danielle Fowler","(21)94060-7109");
insert into Contato(aluno_id, nome, telefone) values (104, "Thomas Martinez","(21)92174-3087");
insert into Contato(aluno_id, nome, telefone) values (105, "Brandi Thompson","(21)96336-1679");

/* Ministra */
-- Sociologia
insert into Ministra(professor_id, disciplina_id) values(31,1);
insert into Ministra(professor_id, disciplina_id) values(76,1);
insert into Ministra(professor_id, disciplina_id) values(116,1);

-- Português
insert into Ministra(professor_id, disciplina_id) values(32,2);
insert into Ministra(professor_id, disciplina_id) values(77,2);
insert into Ministra(professor_id, disciplina_id) values(117,2);

-- Matemática
insert into Ministra(professor_id, disciplina_id) values(33,3);
insert into Ministra(professor_id, disciplina_id) values(34,3);
insert into Ministra(professor_id, disciplina_id) values(78,3);
insert into Ministra(professor_id, disciplina_id) values(118,3);

-- Geografia
insert into Ministra(professor_id, disciplina_id) values(35,4);
insert into Ministra(professor_id, disciplina_id) values(79,4);
insert into Ministra(professor_id, disciplina_id) values(119,4);

-- Química
insert into Ministra(professor_id, disciplina_id) values(36,5);
insert into Ministra(professor_id, disciplina_id) values(37,5);
insert into Ministra(professor_id, disciplina_id) values(80,5);
insert into Ministra(professor_id, disciplina_id) values(120,5);

/* Turma Ministrada */
-- CPII
insert into Turma_Ministrada(professor_id, disciplina_id, turma_id) values(31, 1, 1);
insert into Turma_Ministrada(professor_id, disciplina_id, turma_id) values(31, 1, 2);
insert into Turma_Ministrada(professor_id, disciplina_id, turma_id) values(31, 1, 3);
insert into Turma_Ministrada(professor_id, disciplina_id, turma_id) values(32, 2, 1);
insert into Turma_Ministrada(professor_id, disciplina_id, turma_id) values(32, 2, 2);
insert into Turma_Ministrada(professor_id, disciplina_id, turma_id) values(32, 2, 3);
insert into Turma_Ministrada(professor_id, disciplina_id, turma_id) values(33, 3, 1);
insert into Turma_Ministrada(professor_id, disciplina_id, turma_id) values(33, 3, 2);
insert into Turma_Ministrada(professor_id, disciplina_id, turma_id) values(34, 3, 3);
insert into Turma_Ministrada(professor_id, disciplina_id, turma_id) values(35, 4, 1);
insert into Turma_Ministrada(professor_id, disciplina_id, turma_id) values(35, 4, 2);
insert into Turma_Ministrada(professor_id, disciplina_id, turma_id) values(35, 4, 3);
insert into Turma_Ministrada(professor_id, disciplina_id, turma_id) values(36, 5, 1);
insert into Turma_Ministrada(professor_id, disciplina_id, turma_id) values(37, 5, 2);
insert into Turma_Ministrada(professor_id, disciplina_id, turma_id) values(37, 5, 3);

-- MV1
insert into Turma_Ministrada(professor_id, disciplina_id, turma_id) values(76, 1, 4);
insert into Turma_Ministrada(professor_id, disciplina_id, turma_id) values(76, 1, 5);
insert into Turma_Ministrada(professor_id, disciplina_id, turma_id) values(76, 1, 6);
insert into Turma_Ministrada(professor_id, disciplina_id, turma_id) values(77, 2, 4);
insert into Turma_Ministrada(professor_id, disciplina_id, turma_id) values(77, 2, 5);
insert into Turma_Ministrada(professor_id, disciplina_id, turma_id) values(77, 2, 6);
insert into Turma_Ministrada(professor_id, disciplina_id, turma_id) values(78, 3, 4);
insert into Turma_Ministrada(professor_id, disciplina_id, turma_id) values(78, 3, 5);
insert into Turma_Ministrada(professor_id, disciplina_id, turma_id) values(78, 3, 6);
insert into Turma_Ministrada(professor_id, disciplina_id, turma_id) values(79, 4, 4);
insert into Turma_Ministrada(professor_id, disciplina_id, turma_id) values(79, 4, 5);
insert into Turma_Ministrada(professor_id, disciplina_id, turma_id) values(79, 4, 6);
insert into Turma_Ministrada(professor_id, disciplina_id, turma_id) values(80, 5, 4);
insert into Turma_Ministrada(professor_id, disciplina_id, turma_id) values(80, 5, 5);
insert into Turma_Ministrada(professor_id, disciplina_id, turma_id) values(80, 5, 6);

-- Evolução
insert into Turma_Ministrada(professor_id, disciplina_id, turma_id) values(116, 1, 7);
insert into Turma_Ministrada(professor_id, disciplina_id, turma_id) values(116, 1, 8);
insert into Turma_Ministrada(professor_id, disciplina_id, turma_id) values(116, 1, 9);
insert into Turma_Ministrada(professor_id, disciplina_id, turma_id) values(117, 2, 7);
insert into Turma_Ministrada(professor_id, disciplina_id, turma_id) values(117, 2, 8);
insert into Turma_Ministrada(professor_id, disciplina_id, turma_id) values(117, 2, 9);
insert into Turma_Ministrada(professor_id, disciplina_id, turma_id) values(118, 3, 7);
insert into Turma_Ministrada(professor_id, disciplina_id, turma_id) values(118, 3, 8);
insert into Turma_Ministrada(professor_id, disciplina_id, turma_id) values(118, 3, 9);
insert into Turma_Ministrada(professor_id, disciplina_id, turma_id) values(119, 4, 7);
insert into Turma_Ministrada(professor_id, disciplina_id, turma_id) values(119, 4, 8);
insert into Turma_Ministrada(professor_id, disciplina_id, turma_id) values(119, 4, 9);
insert into Turma_Ministrada(professor_id, disciplina_id, turma_id) values(120, 5, 7);
insert into Turma_Ministrada(professor_id, disciplina_id, turma_id) values(120, 5, 8);
insert into Turma_Ministrada(professor_id, disciplina_id, turma_id) values(120, 5, 9);


